{
    "Health & Beauty": {
        "18-22": 0.09375376823827324,
        "23-26": 0.07554564090196551,
        "27-30": 0.07660074761847341,
        "31-34": 0.07581695405763897,
        "35-38": 0.07403834559266852,
        "39-42": 0.07406849149885446,
        "43-46": 0.07859037742674545,
        "47-50": 0.07458097190401543,
        "51-54": 0.07699264439889063,
        "55-58": 0.07714337392982033,
        "59-62": 0.07660074761847341,
        "63-66": 0.0748522850596889,
        "67-70": 0.07141565175449174
    },
    "Electronics": {
        "18-22": 0.09481725584182145,
        "23-26": 0.07585380467345716,
        "27-30": 0.07570401437986818,
        "31-34": 0.07639304973037747,
        "35-38": 0.07405632115038946,
        "39-42": 0.07582384661473937,
        "43-46": 0.07636309167165968,
        "47-50": 0.074415817855003,
        "51-54": 0.07474535650089874,
        "55-58": 0.07456560814859198,
        "59-62": 0.07387657279808268,
        "63-66": 0.0774415817855003,
        "67-70": 0.07594367884961055
    },
    "Books": {
        "18-22": 0.09680695361271245,
        "23-26": 0.07515158756235252,
        "27-30": 0.07446458974282386,
        "31-34": 0.07730218943218137,
        "35-38": 0.07574897697063832,
        "39-42": 0.07458406762448101,
        "43-46": 0.07551002120732399,
        "47-50": 0.0772125810209385,
        "51-54": 0.07407628662743809,
        "55-58": 0.07568923802980973,
        "59-62": 0.07300098569252367,
        "63-66": 0.07497237073986678,
        "67-70": 0.07548015173690971
    },
    "Groceries": {
        "18-22": 0.09292433047750284,
        "23-26": 0.07542987238631597,
        "27-30": 0.07782637349469775,
        "31-34": 0.0776466359115691,
        "35-38": 0.07557965370558983,
        "39-42": 0.07626864777424959,
        "43-46": 0.07324306512491761,
        "47-50": 0.07680786052363549,
        "51-54": 0.0770175543706189,
        "55-58": 0.07402192798514169,
        "59-62": 0.07626864777424959,
        "63-66": 0.07480079084536577,
        "67-70": 0.07216463962614583
    },
    "Home & Kitchen": {
        "18-22": 0.08965372002767832,
        "23-26": 0.07503234152652005,
        "27-30": 0.07858238815848852,
        "31-34": 0.07813111104425524,
        "35-38": 0.07373868046571798,
        "39-42": 0.07241493426396703,
        "43-46": 0.07482174553987786,
        "47-50": 0.07449080898944012,
        "51-54": 0.07701796082914648,
        "55-58": 0.07584464033213996,
        "59-62": 0.07752940822527754,
        "63-66": 0.07605523631878215,
        "67-70": 0.07668702427870874
    }
}